1;3;2;2;FALSE;"57767";"Licença de Instalação nº 57767/2010";14/04/2010;;4;;;TRUE;223;;FALSE;
2;2;2;2;TRUE;"0315/2010";"Resposta a Carta Consulta";09/08/2010;;4;;;TRUE;;;FALSE;
3;7;2;2;FALSE;"01.10.12.035633-5";"LICENÇA DE INSTALAÇÃO";13/12/2010;13/12/2014;4;;;TRUE;226;;FALSE;
4;9;2;2;FALSE;"263/2011";"Licença de Instalação";07/07/2011;06/07/2013;4;13/03/2013;"Solicitada a renovação da Licença de Instalação nº 263/2011.";TRUE;;;FALSE;
5;43;2;2;FALSE;"06/2012";"Licença de Instalação";06/01/2012;05/01/2014;4;;;TRUE;227;;FALSE;
6;146;2;2;FALSE;"0356/10";"Implantação - 4º trecho";13/08/2010;13/08/2014;4;;;TRUE;129;;FALSE;
7;48;2;2;FALSE;"32/2011";"Licença de Instalação";29/06/2011;01/12/2015;4;;;TRUE;250;;FALSE;
8;27;2;2;FALSE;"2802011";"Reforma da pista e pátio";05/12/2011;05/12/2015;4;;;TRUE;;;FALSE;
9;26;2;2;TRUE;"754046/2010";"Certidão de Dispensa";10/11/2010;10/11/2014;4;;;TRUE;278;;FALSE;
10;201;2;2;FALSE;"087/2013";"Projeto de construção de obras d´arte especiais além de serviços de drenagem, terraplenagem, pavimentação, urbanização, paisagismo, sinalização viária, dentre outros no cruzamento das Avs. Raul Barbosa e Murilo Borges.";22/03/2013;22/03/2016;4;;;TRUE;25348;;FALSE;
11;200;2;1;FALSE;"282/2011";"Referente a localização e concepção do projeto do VLT trecho Parangaba-Mucuripe.";13/09/2011;12/09/2012;4;;;TRUE;227;;FALSE;
12;200;2;2;FALSE;"48/2012";"Renovação da licença de instalação referente VLT Parangaba-Mucuripe";24/02/2012;23/02/2013;4;;;TRUE;227;;FALSE;
17;213;2;2;FALSE;"022/2012";"Projeto de melhoria da infra-estrutura da Av. Paulino Rocha, percorrendo os Bairros Mata-Galinha, Barroso e Cajazeiras, Municipio de Fortaleza, Estado do Ceará.";18/01/2012;18/08/2014;4;;;TRUE;25348;;FALSE;
18;214;2;2;FALSE;"130/2009";"Instalação";15/10/2009;;4;;;TRUE;;;FALSE;
19;214;2;2;FALSE;"68/2011";"Renovação da licença de instalação referente a construção da rede de trem metropolitano de Fortaleza.";17/10/2011;16/10/2013;4;;;TRUE;;;FALSE;
20;146;2;2;FALSE;"0354/11";"Licença de Instalação - 5º trecho";20/05/2011;16/05/2015;4;;;TRUE;;;FALSE;
21;51;2;2;FALSE;"2028/10";"Implantação - META 1";10/03/2010;10/03/2014;4;;;TRUE;;;FALSE;
22;51;2;2;FALSE;"0372/10";"Implantação - META 2";31/08/2010;31/08/2014;4;;;TRUE;;;FALSE;
23;51;2;2;FALSE;"0226/11";"Implantação - META 3";25/04/2011;25/04/2015;4;;;TRUE;;;FALSE;
24;51;2;2;TRUE;"1568/10";"Dispensa de licença - META 4";06/04/2010;;4;;;TRUE;;;FALSE;
25;139;2;2;TRUE;"1568/10";"Dispensa de licença";06/04/2010;;4;;;TRUE;;;FALSE;
26;144;2;2;TRUE;"1568/10";"Dispensa de licença";06/04/2010;;4;;;TRUE;;;FALSE;
27;138;2;1;FALSE;"586/2010";"Prévia";28/12/2010;;4;;;TRUE;;;FALSE;
28;142;2;2;FALSE;"1883/2009";"Implantação";20/02/2009;20/02/2013;4;12/11/2012;"solicitada renovação da LI 1883/2009 e concedida por mais 4 anos";TRUE;129;;FALSE;
30;151;2;1;FALSE;"300359/2011";"Prévia";28/04/2011;;4;;;TRUE;;;FALSE;
31;151;2;2;FALSE;"59291/2011";"Instalação";28/04/2011;;4;;;TRUE;;;FALSE;
32;151;2;3;FALSE;"20/2011";"Operação";25/11/2011;;4;;;TRUE;;;FALSE;
33;150;2;2;FALSE;"17/2008";"Instalação";30/10/2008;;4;;;TRUE;;;FALSE;
35;34;2;2;TRUE;"20/2007";"Dispensa de licença";19/07/2007;;4;;;TRUE;;;FALSE;
36;35;2;2;TRUE;"20/2007";"Dispensa de licença";19/07/2007;;4;;;TRUE;;;FALSE;
37;39;2;2;TRUE;"765/2011";"Dispensa de licença";18/07/2011;;4;;;TRUE;;;FALSE;
38;37;2;2;TRUE;"765/2011";"Dispensa de licença";18/07/2011;;4;;;TRUE;;;FALSE;
39;37;2;2;TRUE;"988/2011";"Dispensa de licença";28/07/2011;;4;;;TRUE;;;FALSE;
40;22;2;2;FALSE;"129/2010";"Instalação de um Módulo Operacional Provisório – MOP e uma adequação dos atuais bolsões de estacionamento do Aeroporto Internacional de Viracopos.";29/11/2010;29/11/2011;4;;;TRUE;;;FALSE;
41;18;2;2;FALSE;"105/2011";"Licença de Instalação";28/06/2011;28/06/2013;4;25/04/2013;"Solicitada a renovação da Licença de Instalação nº 105/2011.";TRUE;;;FALSE;
44;15;2;1;FALSE;"299619/2010";"TPS - Blocos D, E e F";25/10/2010;24/10/2013;4;;;TRUE;;;FALSE;
45;32;2;2;FALSE;"1799/2008";"Licença de Instalação";21/08/2008;21/08/2011;4;;;TRUE;;;FALSE;
46;32;2;2;FALSE;"7199/2011";"Licença de Instalação";01/09/2011;01/09/2013;4;;;TRUE;;;FALSE;
47;11;2;2;FALSE;"20/2009";"Licença de Instalação";31/07/2009;31/07/2013;4;;;TRUE;;;FALSE;
48;40;2;2;FALSE;"1352/2010";"Licença de Instalação";14/12/2010;13/12/2014;4;;;TRUE;;;FALSE;
50;205;2;1;FALSE;"02.11.08.004622-6";"Licença Prévia";10/08/2011;11/08/2012;4;;;TRUE;;;FALSE;
52;205;2;2;FALSE;"01.11.10.005779-2";"Licença de Instalação Canteiro";25/10/2011;24/10/2015;4;;;TRUE;;;FALSE;
53;205;2;2;FALSE;"04.12.01.000270-5";"Supressão da Vegetação";23/01/2012;;4;;;TRUE;;;FALSE;
54;206;2;1;FALSE;"02.11.10.005604-4";"Licença Prévia";13/10/2011;12/10/2012;4;;;TRUE;;;FALSE;
55;206;2;2;FALSE;"01.11.12.006467-1";"Licença de Instalação";19/12/2011;18/12/2012;4;;;TRUE;;;FALSE;
56;206;2;2;FALSE;"01.11.12.006628-6";"Licença Instalação do Canteiro";29/12/2011;28/12/2015;4;;;TRUE;;;FALSE;
57;207;2;1;FALSE;"02.11.07.004328-0";"Licença Prévia";20/07/2011;19/07/2012;4;;;TRUE;;;FALSE;
59;207;2;2;FALSE;"01.11.12.006627-9";"Licença Instalação do Canteiro";29/12/2011;28/12/2015;4;;;TRUE;;;FALSE;
60;208;2;2;FALSE;"38.12.08.003398-7";"Execução de serviços de implantação das 2ª e 3ª etapas da Via Mangue, incluindo o elevado sobre o mangue, com extensão de 4,5 km, iniciando-se na Ponte Paulo Guerra no bairro do Pina e finalizando-se na Av. Antônio Falcão no bairro de Boa Viagem, município de Recife.";20/08/2012;23/08/2013;4;;;TRUE;405;;FALSE;
61;209;2;1;FALSE;"097/2011";"Licença Prévia";01/11/2011;01/11/2013;4;;;TRUE;;;FALSE;
62;50;2;2;FALSE;"02/0348/2010";"Licença de modificação com acréscimo de área em prédio existente.";04/11/2010;03/11/2012;4;;;TRUE;;;FALSE;
63;204;2;1;FALSE;"2896";"Licença Prévia - ETAPA 1";06/10/2010;;4;;;TRUE;;;FALSE;
64;204;2;2;FALSE;"3471";"Licença de Instalação - ETAPA 1";22/12/2010;;4;;;TRUE;;;FALSE;
65;204;2;1;FALSE;"17771";"Licença Prévia - ETAPA 2";28/09/2011;;4;;;TRUE;;;FALSE;
66;204;2;2;FALSE;"18934";"Licença de Instalação - ETAPA 2";14/02/2012;;4;;;TRUE;;;FALSE;
69;5;2;2;FALSE;"034/10-01 ";"Autorizar a implantação do Estádio";05/04/2011;29/03/2012;4;;;TRUE;;;FALSE;
70;5;2;3;FALSE;"584/09-02";"Autorizar a operação de um Aterro de Resíduos Sólidos gerados nas áreas de intervenção direta das obras da Arena da Amazônia.";19/04/2012;19/04/2013;4;;;TRUE;;;FALSE;
71;5;2;3;FALSE;"584/09-01";"Aterro de Resíduos Sólidos";01/04/2011;;4;;;TRUE;;;FALSE;
72;5;2;2;FALSE;"013/11 ";"Licença de Instalação";25/02/2011;;4;;;TRUE;;;FALSE;
73;5;2;3;FALSE;"321/10 ";"Licença - Construtora Andrade Gutierrez SA";17/08/2010;13/07/2012;4;;;TRUE;;;FALSE;
74;5;2;3;FALSE;"522/06-03";"Autoriza a fabricação de pré-moldados e artefatos de cimento, máquinas e equipamentos e transporte rodoviário de produtos derivados de petróleo para abastecimento de veículos da frota da empresa.";17/08/2010;;4;;;TRUE;;;FALSE;
75;5;2;3;FALSE;"522/06-04";"Autoriza a fabricação de pré-moldados e artefatos de cimento, máquinas e equipamentos e transporte rodoviário de produtos derivados de petróleo para abastecimento de veículos da frota da empresa.";16/08/2011;15/08/2012;4;;;TRUE;;;FALSE;
76;5;2;3;FALSE;"147/07-03 ";"Licença de Operação";24/06/2010;;4;;;TRUE;;;FALSE;
77;5;2;3;FALSE;"252/11";"Licença de operação de Estação de Tratamento de Esgoto.";26/05/2011;24/05/2012;4;;;TRUE;;;FALSE;
78;5;2;3;FALSE;"508/11";"Autorizar a operação de um aterro de resíduos sólidos gerados nas áreas de intervanção direta das obras da Arena Amazônia e do Prosamim.";26/10/2011;25/10/2012;4;;;TRUE;;;FALSE;
80;16;2;3;FALSE;"15/2010";"Licença de Operação nº 015/2010";28/09/2010;27/09/2013;4;;;TRUE;;;FALSE;
81;33;2;;TRUE;"074/2010";"Ofício nº 074/2010";24/08/2010;;4;;;TRUE;;;FALSE;
82;30;2;2;FALSE;"7199/2011";"Licença de Instalação nº 7199/2011";01/09/2011;01/09/2013;4;;;TRUE;;;FALSE;
84;42;2;2;TRUE;"5600/2010";"Ofício nº 5600/2010";16/07/2010;;4;;;TRUE;;;FALSE;
86;36;2;2;TRUE;"20/2007";"Carta FEEMA nº 20/2007";19/07/2007;;4;;;TRUE;;;FALSE;
87;186;2;1;FALSE;"139/2012";"Licença Prévia nº 139/2012";09/07/2012;09/07/2016;4;;;TRUE;;;FALSE;
88;8;2;2;FALSE;"105650/2010";"Licença de Instalação nº 105650/2010";26/11/2010;26/11/2014;4;;;TRUE;;;FALSE;
89;194;2;2;TRUE;"378/2010";"Informação Técnica Nº 378/2010 que dispensa o empreendimento de licenciamento.";07/06/2010;;4;;;TRUE;;;FALSE;
90;24;2;2;TRUE;"100000985/2011";"Ofício nº 100000985/2011 que dispensa o empreendimento de licenciamento.";18/07/2011;;4;;;TRUE;;;FALSE;
91;12;2;2;TRUE;"92862/2010";"Parecer Técnico nº 92862/2010 que dispensa o empreendimento de licenciamento.";24/11/2010;;4;;;TRUE;;;FALSE;
92;19;2;2;TRUE;"822/2007";"Ofícios nº 822/2007 que dispensa o empreendimento de licenciamento.";02/07/2007;;4;;;TRUE;;;FALSE;
93;212;2;2;FALSE;"031/2012";"Projeto de Alargamento da Av. Alberto Craveiro, percorrendo os bairros Dias MAcedo, Castelão e Mata Galinha, município de Fortaleza";27/01/2012;27/08/2014;4;;;TRUE;25348;;FALSE;
95;212;2;2;FALSE;"020/2012";"Projeto de ampliação da ponte sobre o riacho Martinho, localizada na Av. Alberto Craveiro, bairro dias macedo, municipio de Fortaleza, estado do Ceará.";18/01/2012;18/08/2014;4;;;TRUE;25348;;FALSE;
96;210;2;2;FALSE;"021/2012";"Projeto de melhoria da infra-estrutura da Av. Engenheiro Pedro Ramalho (Av. Dedé Brasil), pecorrendo os Bairros Parangaba, Itaperi, Serrinha e Castelão, Município de Fortaleza, Estado do Ceará.";18/01/2012;18/08/2014;4;;;TRUE;25348;;FALSE;
97;5;2;3;FALSE;"252/11 - 01";"Autorizar a operação de uma Estação de Tratamento de Esgoto Sanitário, no Canteiro de Obras da Arena da Amazônia.";17/07/2012;24/07/2014;4;;;TRUE;;;FALSE;
98;4;2;2;FALSE;"30/2011";"Instalação";01/01/2011;07/06/2013;4;;;TRUE;;;FALSE;
100;49;2;2;FALSE;"871/2012";"OBRAS DE INSTALAÇÃO DO PROJETO DE ALINHAMENTO DE CAIS NO PORTO ORGANIZADO DE SANTOS, TRATANDO-SE DE CONSTRUÇÃO DE 1.320 METROS DE CAIS, COM LARGURA MÉDIA DE 25 METROS, CONFORME PROJETO APRESENTADO NAS COMPLEMENTAÇÕES DO ESTUDO AMBIENTAL SIMPLIFICADO.";12/07/2012;12/07/2016;4;;;TRUE;;;FALSE;
101;160;2;1;TRUE;"001/2011";"Dispensa de Liceciamento Ambiental do Paraná";23/02/2011;23/02/2017;4;;;TRUE;;;FALSE;
102;160;2;1;FALSE;"34540";"Autorização Ambiental";24/05/2012;24/05/2013;4;;;TRUE;;;FALSE;
104;154;2;2;FALSE;"14113";"Reurbanização Av. Comendador Franco - Av. das Torres";18/04/2012;18/04/2014;4;;;TRUE;128;;FALSE;
106;162;2;1;FALSE;"34541";"Av. da Integração - Reforma e Ampliação";24/05/2012;24/05/2013;4;22/04/2013;"Renovação da autorização ambiental";TRUE;;;FALSE;
107;162;2;1;FALSE;"34541";"Ponte Rio Atuba -  Rua da Pedreira";24/05/2012;24/05/2013;4;22/04/2013;"solicitada a renovação";TRUE;12823;;FALSE;
109;157;2;2;FALSE;"12000047";"Licença Ambiental de Instalação";22/06/2012;22/06/2014;4;;;TRUE;128;;FALSE;
110;154;2;2;FALSE;"12000046";"Licença Ambiental de Instalação";22/06/2012;22/06/2014;4;;;TRUE;128;;FALSE;
111;15;2;2;FALSE;"60544/2012";"Licença de Instalação do Empreendimento";23/03/2012;23/03/2015;4;;;TRUE;;;FALSE;
112;158;2;2;FALSE;"12000018";"Licença Ambiental de Instalação";18/04/2012;18/04/2014;4;;;TRUE;128;;FALSE;
114;138;2;2;TRUE;"0151516-01/1060";"Dispensa de Licenciamento Ambiental";29/02/2012;;4;;;TRUE;;;FALSE;
115;44;2;1;FALSE;"102/11";"Licença Prévia";25/10/2011;25/10/2012;4;11/09/2012;"Renovação da LP nº 102/11";TRUE;;;FALSE;
117;45;2;2;FALSE;"2011-044125/TEC/LI-0027";"Licença de Instalação";29/07/2011;29/07/2013;4;;;TRUE;238;;FALSE;
118;2;2;2;FALSE;"015/2012";"Licença para instalação do Estádio Nacional de Brasília  - Estádio Mané Garrincha";16/04/2012;15/04/2015;4;;;TRUE;;;FALSE;
119;2;2;3;FALSE;"103/2010";"Alvará de Construção nº 103/2010 do Estádio Nacional de Brasília";18/10/2010;;4;;;TRUE;;;FALSE;
122;153;2;1;FALSE;"300918/2011";"Licença Prévia para Construção da Ponte sobre o Rio Pari";06/09/2011;05/09/2014;4;;;TRUE;223;;FALSE;
123;153;2;2;FALSE;"60069/2011";"Licença para Construção da Ponte sobre o Rio Pari";16/11/2011;15/11/2014;4;;;TRUE;223;;FALSE;
124;153;2;1;FALSE;"300520/2011";"Licença Prévia para Construção - Trincheira Mario Andreazza";03/06/2011;02/06/2014;4;;;TRUE;223;;FALSE;
125;153;2;2;FALSE;"59433/2011";"Licença de Instalação - Trincheira Mario Andreazza";03/06/2011;02/06/2014;4;;;TRUE;223;;FALSE;
126;396;2;2;FALSE;"2138";"Licença Ambiental de Instalação";17/10/2012;17/10/2018;4;;;TRUE;;;FALSE;
131;160;2;2;FALSE;"37191";"Autorização Ambiental para obras de arte";22/05/2013;22/05/2014;4;22/04/2013;"solicitado renovação da autorização ambiental anterior";TRUE;;;FALSE;
132;469;2;2;FALSE;"14113";"Licença de instalação da obra";18/04/2012;18/05/2014;4;;;TRUE;;;FALSE;
133;162;2;1;FALSE;"37190";"Autorização Ambiental para obra de arte";22/05/2013;22/05/2014;4;22/04/2013;;TRUE;;;FALSE;
136;46;2;2;FALSE;"01.11.10.005619-1";"Obras Diversas - Reforma com acréscimo do Terminal de Passageiros, Armazém 07, com construção da Sala Pernambuco, Situada na Zona Prima´ria do Porto do Recife";14/10/2011;13/10/2013;4;;;TRUE;;;FALSE;
137;208;2;2;FALSE;"08.12.02.000807-8";"Execução de serviços de implantação das 2ª e 3ª etapas da Via Mangue, com extensão de 4,5 km, iniciando-se na Ponte Paulo Guerra no bairro do Pina e finalizando-se na Av. Antônio Falcão no bairro de Boa Viagem, município de Recife.";29/02/2012;28/02/2014;4;;"Prorrogação da Licença de Instalação para execução de serviço de instalação da 2ª e 3ª etapas da Via Mangue, com extensão de 4,5 km, iniciando-se na Ponte paulo Guerra no bairro do Pina e finalizando-se na Av. Antônio Falcão no bairro de Boa Viagem, município de Recife.";TRUE;405;;FALSE;
138;208;2;3;FALSE;"03.12.05.002081-6";"Funcionamento do canteiro de obras da Via Mangue (2[ e 3ª etapas), localizado no Pina, Recife - PE. Os esgotos sanitários são conduzidos para a rede pública operada pela COMPESA.";25/05/2012;22/05/2013;4;;;TRUE;405;;FALSE;
139;208;2;3;FALSE;"03.12.09.003700-3";"Canteiro de obras viárias para a execução da Via Mangue, localizado no Complexo Viário da Antônio Falcão, bairro de Boa Viagem, Recife/PE. Os esgotos sanitários são conduzidos para um sistema de tanque séptico e valas de infiltração.";11/09/2012;11/09/2013;4;;;TRUE;405;;FALSE;
140;208;2;3;FALSE;"03.12.09.003751-5";"Canteiro de obras viárias para a execução das 2ª e 3ª etapas da Via Mangue, localizado na Av. República do Líbano, Pina, Recife - PE.";13/09/2012;13/09/2013;4;;;TRUE;405;;FALSE;
141;208;2;3;FALSE;"03.12.09.003896-3";"Funcionamento do canteiro de obras viárias para execução das 2[ e 3ª etapas da Via Mangue, localizada no antigo Aeroclube de Pernambuco, Pina, Recife - PE. Os esgotos sanitários são conduzidos para um sistema composto por tanque séptico / valas de infiltração. Havendo também o sistema de caixa separadora de água, óleo e areia, sendo destinado para o emissário final.";21/09/2012;21/09/2013;4;;;TRUE;405;;FALSE;
142;214;1;;FALSE;"13111";"Certificado de Aprovação de projetos pelos BOMBEIROS";31/01/2013;;4;;;TRUE;;;FALSE;
143;214;1;;FALSE;"490";"Alvará de Construção da Estação Padre Cícero - PMF - SEUMA";16/05/2013;16/05/2015;4;;;TRUE;;;FALSE;
144;208;2;2;FALSE;"04.12.09.00377-58";"A autorização enquadra-se na tipologia capitura, coleta e transporte de fauna, Código 1.25 do Anexo II da Lei n° 14.249/2010 e suas alterações.";14/09/2012;14/09/2013;4;;;TRUE;405;;FALSE;
145;208;2;2;FALSE;"01.12.07.00279-14";"Licença de Instalação - LI, cuja atividade principal consistirá na instalação do canteiro de obras para serviços de execução das 2ª e 3ª etapas da Via Mangue, localizada na Av. República do Líbano, bairro do Pina, Recife/PE.";10/07/2012;10/07/2013;4;;;TRUE;405;;FALSE;
146;208;2;2;FALSE;"02.12.02.000565-5";"Implantação do canteiro de obras viárias para a execução da Via Mangue, localizado no complexo viário sobre a Av. Antônio Falcão, bairro de Boa Viagem, Recife/PE.";07/02/2012;06/02/2013;4;;;TRUE;405;;FALSE;
148;208;2;2;FALSE;"02.11.10.005533-7";"Implantação do canteiro de obras viárias para a execução das 2ª e 3 etapas da Via Mangue, a ser localizado no antigo Aeroclube de Pernambuco no bairro do Pina em Recife/PE. Os efluentes gerados no canteiro serão encaminhados para os seguintes dispositivos: fossa séptica seguida de vala de infiltração, havendo também o sistema de caixa separadora de água, óleo e areia, sendo destinado para o emissário final.";10/10/2011;09/10/2012;4;;;TRUE;405;;FALSE;
149;208;2;2;FALSE;"01.11.04.003078-7";"Execução dos serviços de 2ª e 3ª etapas da Via Manque, com extensão de 4,5 Km, iniciando-se na Ponte Paulo Guerra no bairro do Pina e finalizando-se na Av. Antonio Falcão no bairro";05/04/2011;06/04/2012;4;;;TRUE;405;;FALSE;
150;208;2;2;FALSE;"04.11.09.005447-5";"O projeto enquadra-se na tipologia de supressão de vegetação para licenciamento de obras, empreendimentos e atividades modificadoras do meio ambiente, Código 1.14, do Anexo II da Lei Estadual nº 14.249/2010.";30/09/2011;29/09/2012;4;;;TRUE;405;;FALSE;
151;208;2;1;FALSE;"19.11.02.001868-7";"O projeto enquadra-se na tipologia de empreendimentos viários, Código 1.7.1.1 do Decreto Estadual nº 28.787/2005";24/02/2011;24/02/2012;4;;;TRUE;405;;FALSE;
153;38;2;2;TRUE;"00988/2011";"Ofício CT. COLIPE/DIRE Nº00988/2011";18/07/2011;;4;;;TRUE;;;FALSE;
154;186;2;2;FALSE;"258/2012";"Licença de Instalação nº 258/20112";29/10/2012;29/10/2018;4;;;TRUE;;;FALSE;
159;214;1;;FALSE;"595";"Alvará de Construção da Estação Juscelino Kubitschek - PMF - SEUMA";02/07/2013;02/07/2015;4;;;TRUE;;;FALSE;
161;200;2;2;FALSE;"13/2013";"Renovação da licença de instalação referente VLT Parangaba-Mucuripe";05/07/2013;21/02/2015;4;;;TRUE;227;;FALSE;
164;162;2;1;TRUE;"0393-ERCBA";"Dispensa Licenciamento Ambiental Obra";13/05/2011;13/05/2017;4;;;TRUE;;;FALSE;
165;162;2;1;FALSE;"34542";"Autorização Ambiental para obra de arte";24/05/2012;24/05/2013;4;22/04/2013;"solicitada a renovação";TRUE;;;FALSE;
169;15;2;2;FALSE;"60544/2012";"TPS - Blocos A, B e C";23/02/2012;23/03/2015;4;;;TRUE;;;FALSE;
177;32;2;2;FALSE;"7199/2013";"Licença de Instalação nº 7199/2013";29/08/2013;29/08/2015;4;;;TRUE;12823;;FALSE;
178;30;2;2;FALSE;"7199/2013";"Licença de Instalação nº 7199/2013";29/08/2013;29/08/2015;4;;;TRUE;12823;;FALSE;
179;153;2;2;FALSE;"60283/2012";"Licença para obra de duplicação da Estrada da Guarita";09/01/2012;08/01/2015;4;;;TRUE;223;;FALSE;
180;153;2;1;FALSE;"301046/2011";"Obra de duplicação da Estrada da Guarita";05/10/2011;04/10/2014;4;;;TRUE;223;;FALSE;
181;153;2;1;FALSE;"301107/2011";"Licença Prévia para as obras de Adequação do Entorno da Arena (Lote I)";19/10/2011;18/10/2014;4;;;TRUE;223;;FALSE;
182;153;2;2;FALSE;"60214/2011";"Licença de Instalação - Adequação Entorno da Arena (Lote I)";15/12/2011;14/12/2014;4;;;TRUE;223;;FALSE;
183;153;2;2;TRUE;"Ofício 001/CIE/SUIMIS/SEMA-MT/2013";"Dispensa de Licença para as obras de Adequação do Entorno da Arena (Lote II)";25/01/2013;;4;;;TRUE;223;;FALSE;
184;153;2;1;FALSE;"301892/2012";"Licença Prévia para as obras de adequação da Av. 8 de Abril";08/05/2012;08/05/2015;4;;;TRUE;223;;FALSE;
185;153;2;2;FALSE;"60689/2012";"Licença para as obras de adequação da Av. 8 de Abril";08/05/2012;08/05/2015;4;;;TRUE;223;;FALSE;
186;3;2;2;FALSE;"61733/2013";"Licença para construção da Arena Multiuso Pantanal";19/02/2013;19/02/2016;4;;;TRUE;223;;FALSE;
187;152;2;1;FALSE;"302435/2012";"Licença Prévia para a execução da obra do VLT";27/09/2012;27/09/2015;4;;;TRUE;223;;FALSE;
188;152;2;2;FALSE;"61335/2012";"Licença de Instalação para a execução das obras do VLT";30/10/2012;30/10/2015;4;;;TRUE;223;;FALSE;
189;11;2;2;FALSE;"027/2013";"Licença de Instalação nº 027/2013";30/07/2013;30/07/2015;4;;;TRUE;23926;;FALSE;
190;396;2;3;FALSE;"2152";"Licença Ambiental de Operação";09/05/2013;09/05/2023;4;;;TRUE;24554;;FALSE;
191;396;2;2;TRUE;"13536/2002";"Dispensa de Fundaçoes";20/07/2012;;4;;;TRUE;24554;;FALSE;
192;221;2;3;FALSE;"0253";"Operação Aeroporto";11/12/2012;10/12/2016;4;;;TRUE;24561;;FALSE;
193;221;2;2;FALSE;"2126";"Ampliação Terminal de Passageiros e Edifício Garagem";30/08/2012;30/08/2018;4;;;TRUE;24554;;FALSE;
194;221;2;3;FALSE;"5006642";"Elevatória";13/04/2013;13/04/2018;4;;;TRUE;24554;;FALSE;
195;221;2;3;FALSE;"5006789";"Usina de Concreto";27/06/2013;27/06/2017;4;;;TRUE;24554;;FALSE;
196;221;2;1;FALSE;"8818";"Ampliação Aeroporto";31/01/2011;31/01/2016;4;;;TRUE;24554;;FALSE;
197;217;2;2;FALSE;"0146/2013";"Obras de Mobilidade Urbana para Copa 2014, denominadas "Lote 02", localizadas no Entorno do Estádio Arena das Dunas,consistindo na contrução de túneis e viadutos nos seguintes entroncamentos: Entroncamento Av. Prudente de Morais com Rua Raimundo Chaves; Entroncamento Av. Prudente de Morais com Av. Capitão Mor Gouveia; Entroncamento Av. Prudente de Morais com Av. Jerônimo Câmara; Entroncamento Av. Prudente de Morais com Av. Lima e Silva; Entroncamento Av. Romualdo Galvão com Av. Lima e Silva e Entroncamento Av. Senador Salgado Filho com Av. Senador Salgado Filho (marginal).";10/09/2013;10/09/2017;4;;;TRUE;24589;;FALSE;
198;217;2;2;FALSE;"151/2013";"Implantação de Plataformas de Embarque/Desembarque e Adequação dos Passeios Públicos e Sinalização.";10/09/2013;10/09/2017;4;;;TRUE;24589;;FALSE;
199;217;2;1;FALSE;"004/2013";"Complexo de Obras de Mobilidade Urbana que compreendem obras de reestruturação da malha viária da Av. Felizardo Firmino de Moura e Av. Napoleão Laureano (BR 226), trecho corresponndente a 4.780m (quatro mil setecentos e oitenta metros) de comprimento de 32m (trinta e dois metros) de largura.";03/09/2013;03/09/2015;4;;;TRUE;24589;;FALSE;
200;217;2;2;FALSE;"0171/2013";"Obras de Mobilidade Urbana para a Copa 2014, compreendendo a Reestruturação Geométrica das Avenidas Capitão Mor Gouveia e Jerônimo Câmara e Hidrógrafo Vital de Oliveira, constituindo sistema binário de trânsito, sendo trecho componente do "Lote 01".";09/10/2013;09/10/2017;4;;;TRUE;24589;;FALSE;
201;18;2;2;FALSE;"105/11-01";"Licença de Instalação nº 105/11-01 (Renovação)";15/01/2014;15/01/2015;4;;;TRUE;24608;;FALSE;
202;221;2;1;FALSE;"01/201-II";"Linha de Transmissão";06/01/2014;06/01/2016;4;;;TRUE;24699;;FALSE;
205;276;2;1;FALSE;"014/2013";"Reestruturação Urbanística da Orla Marítima de Natal na Praia de Ponta Negra e no trecho compreendido entre a Praia de Areia Preta e a Praia do Forte.";16/09/2013;16/09/2015;4;;;TRUE;24589;;FALSE;
206;221;2;2;FALSE;"16/2014-II";"Linha de Transmissão de Energia  138 kV Viracopos, visando atender ao aumento da demanda energética do Aeroporto Intl. De Viracopos/Campinas";25/03/2014;;4;;;TRUE;24699;;FALSE;
207;221;2;3;FALSE;"5007220";"Usinas de Asfalto";07/02/2014;05/03/2017;4;;;TRUE;24554;;FALSE;
208;221;2;3;FALSE;"5007219";"Usina Solo";05/03/2014;05/03/2018;4;;;TRUE;24554;;FALSE;
210;27;2;3;FALSE;"002/2014";"LO "Ad Referendum"";24/02/2014;24/02/2020;4;;;TRUE;25203;;FALSE;
211;9;2;2;FALSE;"47/2013";"Licença de Instalação nº 47/2013";26/07/2013;25/07/2016;4;;;TRUE;227;;FALSE;
212;647;2;2;FALSE;"91/2013-DL";"Licença de Instalação nº 91/2013-DL";21/01/2013;27/09/2015;4;;;TRUE;12958;;FALSE;
215;201;2;2;FALSE;"13/2013";"Licença de instalacao para obras viárias de restauracao da via expressa";27/05/2013;21/02/2015;4;;;TRUE;227;;FALSE;
216;212;2;1;FALSE;"099/2011";"Obra de alargamento da Avenida Alberto Craveiro nos bairros Castelão, Dias Macedo e Mata Galinha, Município de Fortale, Estado do Ceará";20/05/2011;20/05/2012;4;;;TRUE;25348;;FALSE;
217;212;2;1;FALSE;"112/2011";"Projeto de Ampliação da Ponte sobre o Riacho Martinho, na Avenida Alberto Craveiro, município de Fortaleza, Estado do Ceará.";09/06/2011;09/06/2012;4;;;TRUE;25348;;FALSE;
218;213;2;2;FALSE;"016/2012";"Projeto de Construção de OAE localizada na interseção de Alberto Craveiro com as Av. Pedro Ramalho e Paulino Rocha (rotatória do Castelão).";17/01/2012;17/08/2014;4;;;TRUE;25348;;FALSE;
219;213;2;1;FALSE;"143/2011";"Projeto de melhoramento de Infraestrutura da Av. Paulino Rocha";11/08/2011;11/08/2012;4;;;TRUE;25348;;FALSE;
220;213;2;1;FALSE;"151/2011";"Projeto de Construção de OAE localizada na interseção de Alberto Craveiro com as Av. Pedro Ramalho e Paulino Rocha (rotatória do Castelão).";08/09/2011;08/09/2012;4;;;TRUE;25348;;FALSE;
221;201;2;1;FALSE;"212/2011";"Projeto de construção de obra d´arte especial na Av. Raul Barbosa sobre a Av. Murilo Borges.";28/11/2011;23/11/2012;4;;;TRUE;25348;;FALSE;
222;201;2;1;FALSE;"282/2011";"Obras viárias de restauração da Via Expressa entre as Avenidas da Abolicção e Raul Barbosa";13/09/2011;12/09/2012;4;;;TRUE;227;;FALSE;
223;210;2;2;FALSE;"259/2012";"Projeto de ligação da Av. Dedé Brasil com a Av. Gomes Brasil.";23/10/2012;23/10/2014;4;;;TRUE;25348;;FALSE;
224;210;2;1;FALSE;"142/2011";"Projeto de melhoramento de Infraestrutura da Av. Pedro Ramalho";11/08/2011;11/08/2012;4;;;TRUE;25348;;FALSE;
225;210;2;1;FALSE;"211/2011";"Projeto de ligação da Av. Dedé Brasil com a Av. Gomes Brasil.";28/11/2011;23/11/2012;4;;;TRUE;25348;;FALSE;
226;201;2;2;FALSE;"48/2012";"Referente ao projeto execução do modal ferroviário - VLT - compreendendo obras viárias de restauração da via expressa entre as Avs. da Abolição e Raul Barbosa, além das seguintes passagens inferiores: Av. Alb. Sá com Via Expressa, Av. Santos Dumont com Via Expressa, Av. Ped. Ant. Tomás com Via Expressa e Via Expressa com Via Férrea.";24/02/2012;23/02/2013;4;;;TRUE;227;;FALSE;
